{
  "DWT_DCT": {
    "no_mask": {
      "AdjustBrightness": {
        "psnr": [
          28.94867564,
          25.42685246,
          22.92808076,
          20.98988699,
          19.40628242,
          18.06746371,
          16.9086559,
          15.89177216
        ],
        "tpr": [
          0.853,
          0.678,
          0.869,
          0.817,
          0.842,
          0.712,
          1,
          1
        ]
      },
      "Cut": {
        "psnr": [
          32.86815179,
          33.3920355,
          33.96837963,
          34.62870527,
          35.43390878,
          36.42650011,
          37.68876905,
          39.51930667,
          42.58800065
        ],
        "tpr": [
          0.368,
          0.383,
          0.172,
          0.483,
          0.236,
          0.431,
          0.331,
          0.501,
          0.621
        ]
      },
      "JPEG Compression": {
        "psnr": [
          29.0828656,
          31.15098592,
          32.65688209,
          33.73256898,
          34.64078467,
          35.53844994,
          36.74850174,
          38.60605538,
          41.8982102
        ],
        "tpr": [
          0.231,
          0.975,
          0.841,
          0.746,
          0.681,
          0.731,
          0.637,
          0.801,
          1
        ]
      },
      "Rotation": {
        "psnr": [
          18.23852609,
          17.26813908,
          15.62278553,
          14.698672,
          14.08942128,
          13.66179935,
          13.35149394,
          13.12814416,
          12.97111948,
          12.87141843
        ],
        "tpr": [
          0.09,
          0.18,
          0.08,
          0.104,
          0.098,
          0.101,
          0.112,
          0.11,
          0.101,
          0.041
        ]
      },
      "ResizeCrop": {
        "psnr": [
          17.27246165,
          17.3511117,
          17.4341126,
          17.57662876,
          17.73370494,
          17.97652231,
          18.22317469,
          18.66368894,
          19.11020835,
          20.15648648
        ],
        "tpr": [
          0.08,
          0.18,
          0.012,
          0.15,
          0.11,
          0.015,
          0.015,
          0.024,
          0.01,
          0.06
        ]
      },
      "RandomErasing": {
        "psnr": [
          34.92486448,
          30.98687162,
          28.07360675,
          25.7910033,
          23.9734471,
          22.65901761,
          21.33875626,
          20.26103806,
          19.2035773
        ],
        "tpr": [
          0.8,
          0.514,
          0.763,
          0.834,
          0.797,
          0.71,
          0.61,
          0.11,
          0.47
        ]
      },
      "AdjustContrast": {
        "psnr": [
          20.52620628,
          21.6882246,
          23.02509167,
          24.60311931,
          26.53507831,
          29.02704289,
          32.51737532,
          38.39086367
        ],
        "tpr": [
          1,
          1,
          0.756,
          0.817,
          0.869,
          1,
          0.71,
          0.63
        ]
      },
      "GaussianBlur": {
        "psnr": [
          31.00521585,
          29.57904535,
          28.86795126,
          28.28314806,
          27.72729662,
          27.30184197,
          26.92070816,
          26.53695553,
          26.25809947
        ],
        "tpr": [
          0.411,
          0.71,
          0.31,
          0.41,
          0.899,
          0.894,
          0.693,
          0.718,
          0.407
        ]
      },
      "GaussianNoise": {
        "psnr": [
          34.09728893,
          30.59335422,
          28.10820076,
          26.18099366,
          24.60718943,
          23.27781624,
          22.12793929,
          21.11587399
        ],
        "tpr": [
          1,
          0.641,
          0.636,
          0.841,
          0.756,
          0.701,
          0.711,
          0.871
        ]
      }
    }
  },
  "DWT_DCT_SVD": {
    "no_mask": {
      "AdjustBrightness": {
        "psnr": [
          29.00369987,
          25.47975373,
          22.98367168,
          21.04421991,
          19.45953985,
          18.12375214,
          16.96333771,
          15.94081024
        ],
        "tpr": [
          0.38,
          0.775,
          0.354,
          0.502,
          0.949,
          0.162,
          0.884,
          0.91
        ]
      },
      "Cut": {
        "psnr": [
          43.70992711,
          49.14890544,
          44.6432778,
          45.19905681,
          45.84492846,
          56.60113832,
          47.52012059,
          58.67642923,
          50.28998082
        ],
        "tpr": [
          0.429,
          0.427,
          0.466,
          0.273,
          0.283,
          0.419,
          0.401,
          0.281,
          0.361
        ]
      },
      "JPEG Compression": {
        "psnr": [
          32.59872552,
          35.90774254,
          37.8095769,
          39.24024549,
          40.08910861,
          41.07450291,
          42.42498658,
          44.01794069,
          46.714655
        ],
        "tpr": [
          0.111010101,
          0.007929293,
          0.937373737,
          0.994,
          0.977777778,
          1,
          1,
          1,
          1
        ]
      },
      "Rotation": {
        "psnr": [
          25.24559901,
          18.53036513,
          16.76474481,
          15.76286297,
          15.10806898,
          14.66297222,
          14.32062604,
          14.09533852,
          13.95315383,
          13.88013675
        ],
        "tpr": [
          0.507,
          0.433,
          0.581857143,
          0.272,
          0.262333333,
          0.3488,
          0.286767372,
          0.13525,
          0.158950555,
          0.151957619
        ]
      },
      "ResizeCrop": {
        "psnr": [
          17.49137676,
          17.57488255,
          18.71609732,
          19.87614956,
          18.05083926,
          18.25765202,
          18.5105171,
          18.91732303,
          19.46253756,
          20.64227479
        ],
        "tpr": [
          0.108,
          0.209,
          0.109,
          0.141,
          0.275,
          0.096,
          0.212,
          0.196,
          0.11,
          0.151
        ]
      },
      "RandomErasing": {
        "psnr": [
          34.82526805,
          31.04226073,
          28.05193746,
          26.02149837,
          24.25548812,
          22.72681916,
          21.33652914,
          25.35152421,
          29.4110439
        ],
        "tpr": [
          0.41,
          0.691,
          0.347,
          0.756,
          0.345,
          0.47,
          0.899,
          0.411,
          0.341
        ]
      },
      "AdjustContrast": {
        "psnr": [
          20.73962334,
          21.88940476,
          23.22347072,
          24.78959959,
          26.71267407,
          29.23966006,
          32.73350495,
          38.57907252
        ],
        "tpr": [
          0.884,
          0.892,
          0.63,
          0.276,
          0.297,
          0.252,
          0.704,
          0.484
        ]
      },
      "GaussianBlur": {
        "psnr": [
          35.53054642,
          33.04957924,
          31.75723975,
          30.6961059,
          29.82497791,
          29.11036634,
          28.51115171,
          27.9947165,
          27.54118406
        ],
        "tpr": [
          1,
          1,
          0.998,
          0.988,
          0.945,
          0.902,
          0.824,
          0.769,
          0.627
        ]
      },
      "GaussianNoise": {
        "psnr": [
          34.11273655,
          30.60988489,
          28.12163536,
          26.19211912,
          24.61658581,
          23.28564801,
          22.13530548,
          21.12143481
        ],