{
  "DWT_DCT": {
    "no_mask": {
      "AdjustContrast": {
        "psnr": [
          14.428302452412902,
          15.587258551001344,
          16.925268694665867,
          18.508875314373416,
          20.448115859751343,
          22.939371494350222,
          26.46091431395204,
          32.451334658666084
        ],
        "tpr": [
          1.0,
          1.0,
          1.0,
          1.0,
          1.0,
          1.0,
          1.0,
          1.0
        ]
      },
      "Contrast": {
        "psnr": [
          25.604651229171832,
          22.31863290877227,
          20.09920978182892,
          18.47914655007328,
          17.2420406846815,
          16.25958247346683,
          15.449043082718775,
          14.760989350489426
        ],
        "tpr": [
          1.0,
          1.0,
          1.0,
          1.0,
          1.0,
          1.0,
          1.0,
          1.0
        ]
      },
      "Cut": {
        "psnr": [
          35.77410373959864,
          36.26745195951921,
          36.85059576298903,
          37.493047860549744,
          38.28317500964948,
          39.25113106145609,
          40.52744799320946,
          42.23848713004395,
          45.08600552339446
        ],
        "tpr": [
          0.5,
          0.72,
          0.84,
          1.0,
          1.0,
          1.0,
          1.0,
          1.0,
          1.0
        ]
      },
      "GaussianBlur": {
        "psnr": [
          26.81019516265479,
          25.063018828171334,
          24.231065249599173,
          23.5748574064149,
          23.010365425087763,
          22.591980934221723,
          22.23612198104165,
          21.89182457765737,
          21.648392262700234
        ],
        "tpr": [
          1.0,
          1.0,
          1.0,
          0.98,
          0.94,
          0.9,
          0.82,
          0.1,
          0.3
        ]
      },
      "GaussianNoise": {
        "psnr": [
          34.15052198075158,
          30.66153490564036,
          28.19246193021221,
          26.28345787145765,
          24.73118353253953,
          23.426535701387984,
          22.30403079398739,
          21.321813816930977
        ],
        "tpr": [
          1.0,
          1.0,
          1.0,
          1.0,
          1.0,
          1.0,
          1.0,
          1.0
        ]
      },
      "JPEG Compression": {
        "psnr": [
          26.559795924205822,
          28.63005844086413,
          29.975965649355917,
          30.975755753581108,
          31.837927015999608,
          32.70283044008341,
          33.90035640980661,
          35.787857710139775,
          39.63919512879011
        ],
        "tpr": [
          0.38,
          1.0,
          1.0,
          1.0,
          1.0,
          1.0,
          1.0,
          1.0,
          1.0
        ]
      },
      "RandomErasing": {
        "psnr": [
          32.12267990244522,
          27.34552237243531,
          24.056033057641137,
          23.55176553099107,
          21.829347974058567,
          18.57215660103827,
          18.56332035478748,
          16.694555659500775,
          15.647670669140144
        ],
        "tpr": [
          1.0,
          1.0,
          1.0,
          1.0,
          1.0,
          1.0,
          1.0,
          1.0,
          1.0
        ]
      },
      "ResizeCrop": {
        "psnr": [
          10.644504112937096,
          10.523655083801664,
          10.70839708770742,
          11.326726896879036,
          11.357454104469834,
          11.740302655280304,
          12.315500843558688,
          12.756455827432807,
          13.818343145005237,
          15.307996713144869
        ],
        "tpr": [
          0.06,
          0.0,
          0.0,
          0.02,
          0.04,
          0.0,
          0.0,
          0.0,
          0.0,
          0.08
        ]
      },
      "Rotation": {
        "psnr": [
          17.687842462617784,
          12.623080988292282,
          11.078106951244544,
          10.219157500367652,
          9.645654806682256,
          9.23344763889517,
          8.925797857795965,
          8.697612277210004,
          8.53294069595587,
          8.422200568568462
        ],
        "tpr": [
          0.06,
          0.0,
          0.0,
          0.0,
          0.0,
          0.0,
          0.0,
          0.0,
          0.0,
          0.0
        ]
      }
    }
  },
  "DWT_DCT_SVD": {
    "no_mask": {
      "AdjustContrast": {
        "psnr": [
          14.424867340643964,
          15.584531172754364,
          16.919609142382768,
          18.50665404960596,
          20.444063723795757,
          22.93357339906731,
          26.45444799517485,
          32.45294059634188
        ],
        "tpr": [
          0.0892,
          0.14,
          0.0,
          0.01,
          0.0,
          0.74,
          0.74,
          0.94
        ]
      },
      "Contrast": {
        "psnr": [
          25.6186544761387,
          22.31942171971993,
          20.09637875348813,
          18.474742444400032,
          17.238480216491862,
          16.258857298366554,
          15.449308735509923,
          14.76214644293718
        ],
        "tpr": [
          0.92,
          0.66,
          0.48,
          0.36,
          0.34,
          0.2,
          0.02,
          0.02
        ]
      },
      "Cut": {
        "psnr": [
          44.20779828365396,
          44.65259906912351,
          45.282809502595285,
          45.94723797358427,
          46.77784207783878,
          47.70999144183782,
          49.07551497601996,
          50.62944833596537,
          53.79881021682598
        ],
        "tpr": [
          0.22,
          0.6,
          0.82,
          0.92,
          0.94,
          0.96,
          0.98,
          1.0,
          1.0
        ]
      },
      "GaussianBlur": {
        "psnr": [
          27.29345988604596,
          25.439665332617327,
          24.53682341322888,
          23.84334269613165,
          23.24314002785611,
          22.8078858192521,
          22.42910159114612,
          22.062865399375536,
          21.81993991682936
        ],
        "tpr": [
          0.0,
          0.06,
          0.04,
          0.0,
          0.0,
          0.01,
          0.01,
          0.01,
          0.01
        ]
      },
      "GaussianNoise": {
        "psnr": [
          34.180999203202504,
          30.687154447607607,
          28.2089279914773,
          26.298113181244894,
          24.74606427030612,
          23.44020205534239,
          22.318709039115152,
          21.333902420012134
        ],
        "tpr": [
          1.0,
          0.98,
          0.2299999999999999,
          0.02,
          0.02,
          0.0,
          0.0,
          0.04
        ]
      },
      "JPEG Compression": {
        "psnr": [
          27.11016197694657,
          29.362360906748982,
          30.730642754538756,
          31.70429262106672,
          32.54223433348834,
          33.39969117070062,
          34.61254741008038,
          36.46141182110306,
          40.24369193447464
        ],
        "tpr": [
          0.02,
          1.0,
          0.96,
          1.0,
          1.0,
          1.0,
          1.0,
          1.0,
          1.0
        ]
      },
      "RandomErasing": {
        "psnr": [
          31.552704004827675,
          27.320083737187765,
          24.23005601217997,
          21.8027193436887,
          20.18486898343856,
          18.57265946841025,
          17.892198851337625,
          16.85529691074431,
          16.17748196444524
        ],
        "tpr": [
          1.0,
          1.0,
          1.0,
          1.0,
          1.0,
          1.0,
          1.0,
          1.0,
          1.0
        ]
      },